tag_id,alpha,code_id
1414,-0.008620689655172376,7
1415,-0.008620689655172376,7
1416,0.21139705882352944,7
1417,0.08100147275405001,7
1418,0.2626050420168067,7
1419,0.07065217391304346,7
1420,0.1160714285714286,7
1421,0.32173913043478264,7
1423,-0.017391304347825987,7
1424,-0.024159663865546355,7
1425,-0.04947916666666652,7
1426,0.04601048340128122,7
