id,old_code,new_code,started,finished
2,2,3,1715671949.037237,
3,3,4,1733239734.326105,
4,4,5,1738176880953,
1,1,2,1712507215.025672,
